Country Name;Country Code;1981;1982;1983;1984;1985;1986;1987;1988;1989;1990;1991;1992;1993;1994;1995;1996;1997;1998;1999;2000;2001;2002;2003;2004;2005;2006;2007;2008;2009;2010;2011;2012;2013;2014;2015
Aruba;ABW;;;;;;;;;;;;;;;;;;;;;;;;;;;;;;;;;;;
Afghanistan;AFG;;;;;;;;;;;;;;;;;;;;;;;;;;;;;;;;;;;
Angola;AGO;11,85185185;12,36111111;26,18135377;10,29850746;13,02729529;13,02729529;13,45679012;13,98773006;13,30891331;13,79310345;17,34475375;11,29883844;6,315789474;6,282722513;6,25;10,01945525;23,64746946;19,57511381;33,03370787;36,88581315;37,91208791;35,2407932;37,79448622;21,59498208;20,35175879;19,38898972;22,3811004;24,59095284;34,65681098;32,04257662;29,09219607;39,2005158;41,97906524;46,82489451;46,82507169
Albania;ALB;18,66666667;16,99867198;15,34391534;26,31154157;32,3164919;20,46611829;23,77701934;26,22991968;25,34562212;13,59223301;7,857517025;4,949911609;6,092377444;4,313625983;6,013860943;4,279505182;3,825554705;3,679780779;2,670841776;3,850983675;4,691689008;6,046013911;2,143429487;2,497324295;1,286055484;1,683562636;2,517482517;0;0,019223376;0,013213531;1,407778573;0;0;0;0
Andorra;AND;;;;;;;;;;;;;;;;;;;;;;;;;;;;;;;;;;;
Arab World;ARB;85,07912447;86,99686428;89,05293144;90,01311601;91,09029355;91,63835755;91,34094833;91,88126623;91,734145;84,74945654;84,76323085;84,83136506;84,67839899;84,81280852;85,04594571;84,79015076;85,37007305;85,53034086;86,60111907;87,54176775;89,44082379;91,02256574;91,57815983;91,73334659;90,08535387;89,92248494;89,98478775;90,32945623;86,81719135;85,84553728;86,03652817;86,74520286;87,05750738;86,24338977;86,10043677
United Arab Emirates;ARE;100;100;100;100;100;100;100;100;100;100;100;100;100;100;100;100;100;100;100;100;100;100;100;100;100;100;100;100;100;100;100;100;99,90585754;99,74169298;99,76759889
Argentina;ARG;54,72334509;50,93015093;48,90123945;45,25641596;41,39401303;45,25437218;45,39864333;59,89740841;64,12068658;50,20890816;55,09949089;52,45790161;48,47992724;44,63236548;49,24270686;55,89644979;49,60164873;53,53996649;63,87463184;59,89315038;50,33679188;49,54353309;53,82701293;60,50915989;59,95961741;55,67564027;63,43899828;67,62853196;64,37880888;65,68978868;62,776427;66,02372684;64,05254605;64,25706881;66,93502211
Armenia;ARM;;;;;;;;;;84,99324455;83,75367802;66,1928032;31,80301827;37,8932485;60,02517533;37,3028645;50,29026373;49,50734938;42,66223544;45,1829473;48,56396867;28,61025548;27,64951827;30,36484245;28,93778692;24,84430231;25,24584605;26,16984402;20,34914477;22,15375135;32,16689098;42,29716277;41,15434501;42,43870968;35,91486088
American Samoa;ASM;;;;;;;;;;;;;;;;;;;;;;;;;;;;;;;;;;;
Antigua and Barbuda;ATG;;;;;;;;;;;;;;;;;;;;;;;;;;;;;;;;;;;
Australia;AUS;85,83281152;86,48444159;88,09386165;88,76542546;88,20157112;88,06610621;89,30453229;89,13257264;89,62143566;90,34396936;89,40179895;89,93313475;89,45085643;89,80552614;90,37585718;90,77027218;90,41232427;91,56594998;91,45594641;91,61838143;91,90154505;92,13908118;91,55930113;91,81334981;91,19629336;90,70069223;91,35192753;91,88474244;92,50206574;91,38812037;89,57334772;89,40734664;86,73589161;85,09328779;86,36215891
Austria;AUT;25,77522132;25,68485853;25,65281616;28,71852723;27,06552055;26,25008527;25,58364193;23,35250992;25,89156749;33,68833171;34,83987964;27,46951281;25,81417531;29,08407054;29,36315198;32,75656102;31,81108018;30,01967448;29,04399493;27,21047533;30,45343639;30,590057;38,79202024;35,32317428;35,90801247;33,81177151;30,61007537;30,02680965;27,91784788;32,86866665;33,38097379;24,30213943;20,83501162;17,72104648;22,22204232
Azerbaijan;AZE;;;;;;;;;;92,83863165;92,50319829;91,16024895;87,26576033;89,59080303;90,87068763;90,99900509;89,83131385;89,15990666;91,71434859;91,79635275;93,14180285;89,19843859;88,40082683;87,32983812;86,84417629;89,74045553;89,17929235;89,68719678;87,75704897;81,57669695;86,8138366;92,07847573;93,04187719;94,01892591;92,59154245
Burundi;BDI;;;;;;;;;;;;;;;;;;;;;;;;;;;;;;;;;;;
Belgium;BEL;72,96557511;67,46768578;52,45522374;47,24529708;37,42867808;30,20947224;31,11492612;31,7286686;36,94394186;37,80515564;38,32354676;37,43873407;38,54113147;41,32125986;41,85619457;40,59996274;37,55538716;42,04203472;39,33737975;39,63128073;38,42377064;38,91819766;40,95690573;41,0584093;40,93152411;39,85275288;39,44794809;38,62866851;39,80469011;40,2640862;35,02258072;35,95153208;31,93612774;33,47738525;39,21464312
Benin;BEN;100;100;100;100;100;100;100;100;100;100;100;100;100;100;100;100;96,61016949;97,46835443;97,22222222;97,61904762;96,96969697;96,82539683;97,5;98,7654321;99,06542056;97,4025974;98,63636364;98,68995633;99,21875;99,13043478;100;100;100;100;94,44444444
Burkina Faso;BFA;;;;;;;;;;;;;;;;;;;;;;;;;;;;;;;;;;;
Bangladesh;BGD;76,52141247;82,77338603;80,71657442;77,3827534;83,67932862;90,625;90,74637551;89,68047699;87,06957133;88,56699431;89,86698912;91,05014617;93,39561156;91,34300899;96,55746807;93,55935158;93,9365829;93,28520416;94,23529412;95,25077674;94,29047838;95,98714171;96,20028409;96,96552283;97,16792075;97,46368223;97,5842606;97,22368344;98,87833876;98,21279725;98,02504926;98,39998353;98,05346386;98,68027576;98,7731101
Bulgaria;BGR;65,54960511;65,90128278;63,25970737;64,19457378;63,08848962;65,57627929;65,55563223;58,62819573;61,06975275;60,74369379;61,76153884;61,76635776;58,11511435;55,93580363;53,15752949;50,83575241;51,88991342;51,79230046;51,08761409;48,66407519;51,09569532;46,8163817;52,00576451;51,71389948;47,66669699;47,78691047;59,07958171;57,99614211;55,19454473;54,2538627;59,47464166;54,64265012;50,980984;50,41447354;50,40416889
Bahrain;BHR;100;100;100;100;100;100;100;100;100;100;100;100;100;100;100;100;100;100;100;100;100;100;100;100;100;100;100;100;100;100;100;100;100;100;100
Bahamas, The;BHS;;;;;;;;;;;;;;;;;;;;;;;;;;;;;;;;;;;
Bosnia and Herzegovina;BIH;;;;;;;;;;79,10060142;62,72760247;47,77011494;28,85482417;18,49670123;17,22335833;29,75476839;46,89104392;49,79618817;45,51900729;51,15543197;51,29723632;51,15438108;60,04793183;53,02482715;52,40438026;55,99218574;66,04718262;67,16589085;60,17998468;53,13010979;71,28926702;70,06817213;58,53532749;63,27351485;64,48269243
Belarus;BLR;;;;;;;;;;99,94940039;99,9535304;99,95478122;99,94306092;99,93948466;99,91973674;99,93256912;99,91940745;99,88081049;99,92834515;99,89655569;99,88030164;99,87526459;99,87982123;99,87824415;99,86757534;99,8679702;99,81777624;99,76318192;99,58519884;99,52142141;99,48136646;99,27595052;98,98117879;99,09601267;98,92905346
Belize;BLZ;;;;;;;;;;;;;;;;;;;;;;;;;;;;;;;;;;;
Bermuda;BMU;;;;;;;;;;;;;;;;;;;;;;;;;;;;;;;;;;;
Bolivia;BOL;34,07325194;30,76470588;33,29538987;34,03547672;34,45945946;38,08487486;40,58759521;38,4180791;42,7480916;47,55517092;41,12478032;45,85406302;41,72010562;51,84135977;56,6743955;54,53983941;53,54262673;56,7115903;52,64107189;48,47938144;45,15075377;46,05640535;52,88550323;51,29338934;58,74183007;58,13207547;58,30136031;58,62128245;60,51298807;66,04692342;65,8033241;67,6935126;67,82393056;71,99314677;68,59756098
Brazil;BRA;6,715803836;5,772278074;4,944182554;4,62790568;4,574508731;8,099817937;6,488435113;5,539505087;5,236476574;4,495536776;4,75899939;4,852894942;4,569879671;4,573509562;4,928501711;5,605641346;5,993207395;6,061886943;8,665555277;8,667851308;11,23321198;10,13941002;9,045970923;10,83331398;10,23042778;9,808817252;8,744751734;12,61329354;8,099399083;12,38557814;9,829677842;14,59835259;20,54610783;24,25323922;23,43291178
Barbados;BRB;;;;;;;;;;;;;;;;;;;;;;;;;;;;;;;;;;;
Brunei Darussalam;BRN;100;100;100;100;100;100;100;100;100;100;100;100;100;100;100;100;100;100;100;100;100;100;100;100;100;100;100;100;100;100;99,94630872;99,94910941;99,95456611;99,95561474;99,95238095
Bhutan;BTN;;;;;;;;;;;;;;;;;;;;;;;;;;;;;;;;;;;
Botswana;BWA;100;100;100;100;100;100;100;100;100;100;100;100;100;100;100;100;100;100;100;100;100;100;100;100;100;100;100;100;100;100;100;100;99,89165764;99,9567661;99,96629592
Central African Republic;CAF;;;;;;;;;;;;;;;;;;;;;;;;;;;;;;;;;;;
Canada;CAN;21,12380269;22,99683231;22,35809038;22,04526212;20,27879226;18,08131865;20,24491786;22,34845939;24,97987867;22,47568153;21,87817748;22,82352353;20,61407548;20,06647795;21,0335622;20,16794402;22,59327057;26,2051566;25,47254057;26,77378979;28,95418631;27,54117886;28,37185476;26,47679061;25,12698945;24,41301416;24,82123285;23,31950129;22,04200805;23,08000583;22,54393216;21,42461097;20,76934062;20,76312543;21,06717953
Central Europe and the Baltics;CEB;73,17874784;73,45425013;73,01879168;72,43539219;70,60618558;70,18970594;68,34148495;66,18984733;66,59078238;72,21831484;71,20754191;72,19875617;71,93861564;71,28271713;70,28851605;70,00712718;69,23669212;68,38401806;68,61974219;69,38114058;68,68042047;66,88313456;68,62832072;66,48198966;65,70680347;66,91705394;68,00459533;65,66299832;63,36704406;62,89115414;64,68092695;62,49812037;59,36274647;56,49410665;58,30016908
Switzerland;CHE;1,132461319;1,241715548;1,281731967;1,164362829;1,017339791;1,061176845;1,037503189;0,975233754;1,138625835;1,374745418;1,800154701;2,121347236;1,337495892;1,429226536;1,74784732;2,101295977;1,851851852;2,393104777;1,744499294;1,639344262;1,536772777;1,703200183;1,788990826;1,794410084;1,87578951;1,585232393;1,378708289;1,275434095;1,220884016;1,659298734;1,621931052;1,423539771;1,185972061;0,80311546;1,069640074
Channel Islands;CHI;;;;;;;;;;;;;;;;;;;;;;;;;;;;;;;;;;;
Chile;CHL;31,04024044;23,75537023;22,20373891;24,60546788;19,76495726;17,86489419;16,26271024;23,82500739;39,0039863;46,1626388;29,02660187;17,30537048;18,3352081;25,73485778;27,59481928;39,54706667;37,86527315;51,82911375;61,96926283;51,45216827;45,73840258;44,54901422;49,84304598;53,09912514;46,11691182;44,74511931;55,84440001;54,25097146;51,01281249;59,61213886;60,40357311;63,55464438;64,10867036;57,18637342;56,39566504
China;CHN;78,80492773;77,29492188;75,42681539;77,00522006;77,50858312;78,9713701;79,88818951;79,98019112;79,75581813;79,59206011;81,52886921;82,41531633;81,68342281;80,32189777;79,51263699;81,12049174;81,2182187;80,7311349;82,11289858;82,12597124;79,86169679;80,86235706;82,69464165;81,48633403;81,70185078;82,49361295;82,84347871;80,28994703;80,24837277;79,40102506;81,1740028;77,85989297;77,42446658;74,82288737;72,96207597
Cote d'Ivoire;CIV;8,368644068;11,24807396;49,6128033;75,06684492;23,87892377;35,78721118;51,58766682;46,3003029;27,57837347;33,33333333;30,98514034;43,35135135;49,7714808;50,27530707;39,46386155;45,3038674;53,38625651;65,76330184;63,587295;63,25;63,15250768;67,34038534;63,98663259;66,33393829;72,76887872;71,31741821;66,04510744;65,24137931;62,4765798;71,71835708;69,86391212;73,5604333;78,11764706;76,06806662;83,27402135
Cameroon;CMR;5,185961236;5,121042831;3,465804067;1,714801444;2,171241295;1,89669088;2,272727273;1,944338544;1,588474326;1,520207638;1,439114391;1,278772379;1,059322034;1,176470588;1,149012567;1,13753878;1,150895141;1,641414141;1,244075829;1,091954023;1,89212087;3,575757576;4,234527687;4,622871046;5,794205794;11,18292205;25,17642571;24,1506777;29,32733875;26,78420071;24,70866408;24,63492063;24,66424682;24,67490247;23,88280556
Congo, Dem. Rep.;COD;4,094778008;3,578110384;3,009961022;2,895553257;2,784761168;2,719200888;2,763865702;2,670623145;0,317139974;0,442477876;0,416587767;0,312860201;0,306582507;0,338855422;0,291403594;0,294647242;0,376759865;0,401861252;0,45231813;0,050150451;0,083864475;0,131147541;0,113876688;0,113234253;0,094928126;0,609836935;1,103780766;1,284938402;1,094983448;1,087919039;1,114065072;0,118234367;0,108985226;0,124434389;0,178930888
Congo, Rep.;COG;34,81012658;10,76923077;0,854700855;0,790513834;1,020408163;0,740740741;1,067615658;1,02739726;0,75;0,60851927;0;0,934579439;0,828729282;0,617283951;0,564971751;0,436681223;0,441501104;0,581395349;14,41441441;0,337837838;0;0;14,28571429;16,87657431;18,01385681;17,8807947;17,69041769;18,65509761;38,7755102;45,28061224;38,82443929;41,94117647;43,18314804;45,28735632;46,65513264
Colombia;COL;30,19685229;30,8042557;32,3466492;31,580612;30,62958959;26,99286442;25,7040353;25,32715376;22,98255648;23,61580989;24,31738308;31,33499271;26,74602557;21,50740177;23,5953741;17,00797934;28,35556552;30,25369178;20,13918079;24,47536232;25,66180194;23,49584832;21,211405;18,34912207;19,83034348;19,39923742;18,46660872;15,98913082;27,12208438;27,87930802;16,53471027;20,4498059;26,00132454;25,96168932;31,76318878
Comoros;COM;;;;;;;;;;;;;;;;;;;;;;;;;;;;;;;;;;;
Cabo Verde;CPV;;;;;;;;;;;;;;;;;;;;;;;;;;;;;;;;;;;
Costa Rica;CRI;2,959830867;2,719155844;2,578397213;1,728073036;1,775568182;1,627670397;3,925949569;4,290635766;2,404692082;2,479815456;5,124223602;17,16205212;10,07736156;9,853420195;17,25056341;9,287796751;3,047585101;8,14705339;2,152800259;0,852724382;1,482579689;1,621262458;2,106534281;0,803408399;3,280871671;6,128550075;7,977900552;7,145872915;4,844253491;6,688928311;8,777461351;8,158049931;11,68539326;10,20847607;0,998890122
Caribbean small states;CSS;;;;;;;;;;;;;;;;;;;;;;;;;;;;;;;;;;;
Cuba;CUB;90,21276596;90,16437861;90,06232687;90,27743878;90,28608902;90,55859138;90,81144707;90,44147985;91,06240567;87,61315229;86,63093531;72,61223782;69,41465188;69,69494359;71,34601493;70,27802962;77,97257175;75,1342946;73,22660778;65,75971261;64,93888489;41,66507421;39,26628716;41,38416272;49,46551949;58,89853664;55,07830232;58,48181458;52,02999887;52,57228258;56,03603604;56,43585848;58,72518286;60,3635237;60,50867508
Curacao;CUW;100;100;100;100;100;100;100;100;100;;;;;;;;;;;;;;;;;;;;;;;;;;
Cayman Islands;CYM;;;;;;;;;;;;;;;;;;;;;;;;;;;;;;;;;;;
Cyprus;CYP;100;100;100;100;100;100;100;100;100;100;100;100;100;100;100;100;100;100;100;100;100;100;100;100;99,9771533;99,97850387;99,938411;99,70466627;99,40556088;98,62833521;96,38871982;94,55162179;92,37762238;92,71264368;91,21994264
Czech Republic;CZE;96,15320007;96,94402254;96,7255653;95,62767131;93,00080866;86,75873676;78,83143611;78,37069046;78,41120204;77,9255191;78,07389963;76,88334998;75,86353872;74,72469129;75,83656624;76,32358241;77,12910911;76,53967566;75,50616437;78,22002167;76,65355497;71,38890716;66,48232226;65,30134861;65,98601262;64,64723743;66,28230254;63,63047002;60,95648765;60,13222056;58,88033558;55,55504286;53,26830062;53,40086491;55,91531907
Germany;DEU;80,66712704;78,82181287;78,81231518;74,69681042;69,15667742;70,58946404;68,69531941;66,83988017;66,85432466;68,01752944;68,6355272;65,76380249;65,92699914;65,86247275;65,41269561;65,12672261;63,68576543;65,01941616;63,17765974;63,15460246;62,69870731;62,79293552;64,37857333;62,68169954;62,31682364;61,02710152;62,79236755;60,75207289;59,73886631;59,45724669;60,40087084;59,68113795;59,23832245;56,7323431;55,06305317
Djibouti;DJI;;;;;;;;;;;;;;;;;;;;;;;;;;;;;;;;;;;
Dominica;DMA;;;;;;;;;;;;;;;;;;;;;;;;;;;;;;;;;;;
Denmark;DNK;99,77736174;99,78926073;99,57617566;99,57657022;99,59854516;99,33079947;99,10475092;98,55005344;97,46217242;96,73620199;96,93254891;95,23065912;94,72537823;95,1328306;88,18216443;87,90638647;82,40324946;80,69710311;77,69013361;72,51823704;74,12600387;74,56410517;80,55471355;74,80957563;70,6781438;78,02065291;71,76721945;70,09230937;70,16463733;66,09541454;57,53782395;49,29481124;51,98169415;41,84998757;31,89967872
Dominican Republic;DOM;56,51387214;68,43546731;69,69785861;65,87954365;71,4011976;66,81303443;65,96611623;53,9010989;84,66973886;89,88642509;86,34146341;89,98387386;78,25518401;89,77534053;88,22348001;86,34920635;90,14648977;88,7503569;85,7548932;90,85221637;92,54081075;91,12891687;87,90574824;83,48449868;82,20767629;84,61804117;85,86934807;88,39214646;86,95343555;88,1111922;87,91038292;85,52341118;83,4303116;86,66062734;88,36755702
Algeria;DZA;95,50478998;94,90208599;97,70013701;95,9577893;94,73684211;98,07410831;96,07766075;98,68967492;98,52518925;99,16169896;98,31075238;98,91173575;98,18172453;99,16511593;99,02104996;99,34637358;99,65111411;99,07574585;99,18002989;99,78750197;99,74084507;99,79383681;99,10385175;99,1968;98,36355595;99,38113893;99,39240779;99,29664977;99,20521545;99,61953907;99,01999063;98,91631967;99,44898981;99,60462003;99,6773162
East Asia & Pacific (excluding high income);EAP;75,78790739;74,64945924;73,29668425;73,95879294;74,91906631;75,67680987;77,34409496;77,31033772;76,87713541;77,35726363;79,31560652;80,30028497;80,17051522;79,19753934;78,63422899;80,22090702;81,09123919;80,60625883;81,33155332;81,25243793;79,43880147;80,57533172;82,2305132;81,38495829;81,68752513;82,23578038;82,55919891;80,25646933;80,24721965;79,69236175;80,95424525;77,94189652;77,55443492;75,25496242;73,80456465
Early-demographic dividend;EAR;63,63618918;65,44989836;66,50072488;65,90053333;66,45775843;66,06675801;67,06338155;65,83170107;67,21783186;70,15356446;70,67831759;70,75308288;70,78956948;71,08467212;71,71856908;72,33524322;73,00521703;73,39096294;74,40990545;75,45637643;76,72651526;77,36245116;77,74109302;77,28119757;76,83245393;76,39206916;77,75731147;78,28524312;78,07704552;77,3803422;76,78931605;77,64024847;77,07991232;77,80112495;78,19112473
East Asia & Pacific;EAS;72,46986066;70,80752916;69,44030809;69,63355312;67,52376723;67,18802984;67,53314965;68,68848458;69,30608291;65,70852466;66,94086088;68,40200216;68,44523549;68,8154319;68,54944436;69,64190952;70,60967608;70,11955645;71,49257705;72,42133706;72,53331926;74,01334301;76,15705216;75,38118627;75,57246795;76,35465183;77,8221845;76,53129737;76,53538125;76,23171936;79,05930149;78,05106869;77,8480603;76,04116135;74,59737707
Europe & Central Asia (excluding high income);ECA;;;;;;;;;;73,36474084;72,43062029;70,6371612;67,78213712;66,99026497;66,16688111;65,02130646;64,92954707;64,72237447;64,44513324;65,01242463;65,03771638;64,83360454;65,64199923;64,15406879;64,93268522;65,50235661;66,96720938;68,42874747;66,41754895;65,99381925;67,41458117;67,29042291;66,29616212;67,19472418;65,38535963
Europe & Central Asia;ECS;38,55242004;37,91545092;36,54951716;34,62042364;33,17321994;32,95429593;32,37069189;31,00337916;32,22764776;60,78861758;59,97853722;58,23535126;55,93703506;55,52863441;55,24829299;55,0150306;54,33118136;54,52370241;54,3427263;54,69981965;54,24680774;55,10495299;56,34540159;55,2600066;55,61089481;56,14118119;56,89382784;56,53545813;54,72613016;54,02177283;54,20136735;52,78365458;50,74207274;49,4574485;48,98466378
Ecuador;ECU;78,86597938;78,37641942;60,00464792;28,72574956;28,06055287;19,95211492;15,11887073;14,44779294;14,12723176;21,4521972;27,22971035;30,8782657;21,60302253;19,38850688;38,77090995;32,07708779;36,94267516;40,25711662;30,37446643;28,29815303;36,00904977;36,70087483;37,80530054;42,42659624;44,88362919;48,30550622;43,45834351;38,85847903;49,15181216;54,50817571;44,44119938;45,13065173;51,00812519;50,82486527;47,19705768
Egypt, Arab Rep.;EGY;52,06475833;53,60559887;62,06576761;66,83878963;72,46169496;72,26571838;77,12247325;77,26124305;76,05224615;76,49564559;77,65035218;78,76439424;78,06301783;77,74825572;78,05192308;79,044251;79,48415143;80,58952451;78,56339879;82,29655887;81,56744555;85,35373921;85,93551369;87,00184602;87,85904867;88,26674292;86,94067722;88,09905372;89,93093525;89,95204229;90,67316367;91,12058702;91,11811961;91,12909221;91,74071449
Euro area;EMU;63,34484086;61,82573311;59,22115973;54,51608317;51,11643346;49,9228508;49,38574431;47,5587562;50,45988606;51,16660196;50,58758632;49,43200743;47,67219624;47,94423404;48,70329408;47,65159148;47,98396232;49,28626727;49,26414876;49,02686608;48,06822566;49,89107265;50,32416339;49,93237066;51,09850099;50,41169432;51,18173245;49,71810789;48,10624556;46,40095174;46,29299656;44,92150075;41,46645972;38,96365927;40,67540116
Eritrea;ERI;;;;;;;;;;;;100;100;100;100;100;99,53271028;99,48717949;99,53271028;99,52380952;99,57081545;99,61389961;99,63898917;99,64664311;99,65277778;99,25650558;99,30555556;99,30313589;99,3220339;99,35691318;99,40652819;99,44289694;99,45945946;99,48453608;99,50738916
Spain;ESP;70,9680352;68,64571036;66,8324984;53,33005944;52,28193636;49,70677231;47,80251271;37,66596432;48,28464674;46,80766636;46,03066902;51,80599872;47,68944731;47,45186511;51,60269572;43,46725118;50,88793372;50,09359229;57,78310022;55,95393829;51,36891967;59,78567588;54,14611776;57,69775747;63,63834234;61,70098315;62,08342858;60,70300793;56,16423807;46,17055511;49,84890218;49,20018235;40,01883139;38,80319623;44,06714376
Estonia;EST;;;;;;;;;;14,38798673;15,73801873;7,50570535;8,785784798;4,567307692;4,589899919;4,712732066;5,565198525;7,276141298;7,486695694;9,550099847;9,642815042;9,710331887;7,864947337;7,055512422;7,760901519;8,353884094;5,118949959;6,984216993;6,276341269;5,808392471;5,630962538;5,765856104;3,902071563;5,053832557;7,151771143
Ethiopia;ETH;29,68099861;27,31829574;26,74418605;24,17582418;23,98648649;21,63934426;19,17040359;18,81413911;17,97497156;11,64725458;10,50454921;7,252215955;8,676789588;6,685044797;6,483300589;5,801621959;2,973977695;2,903811252;1,155717762;1,3739546;0,944333996;1,02739726;0,696864111;0,708940528;0,421792619;0,305903946;4,567239921;12,3643103;11,12224449;0,62248996;0,583964646;0,158061117;0,091932889;0,031529164;0,038325189
European Union;EUU;64,51333269;63,71300798;61,38583787;57,40563559;54,38573291;53,55153768;52,54453726;50,6386268;52,83118066;53,17067103;52,55559616;51,62805182;50,33636535;50,63955655;50,88386015;50,67390774;50,08659621;50,71614375;50,58839601;50,63903561;49,6885337;51,2634881;52,34779343;51,14432885;51,66259454;51,7535308;52,33818983;50,72941428;49,20487525;47,55618485;47,56187913;45,67923887;42,73035535;40,21366515;41,5289177
Fragile and conflict affected situations;FCS;55,04947218;56,63193416;58,01139646;57,26269458;56,90598419;56,71178791;54,33669257;52,87643918;51,52220323;51,29965918;48,66520074;49,51270894;51,38745321;51,43055274;52,63277956;52,70296322;52,46886211;52,11629583;51,06067767;51,6069881;53,79779229;55,28792236;54,4302878;52,78474431;47,98483001;47,53914432;48,29115743;49,8451229;49,51171498;53,01877428;51,26134448;51,97921326;51,09401609;50,07545365;50,60498937
Finland;FIN;30,7780684;27,47055252;25,82648056;29,09002584;36,85734975;36,16693054;37,37874986;38,90827425;40,31811509;30,10831785;28,01193392;25,48982243;28,50570573;34,66959211;30,81439838;36,53582806;30,983289;26,52386449;28,91861152;28,4240311;31,7012593;34,50470282;41,21860399;35,52565671;26,80286759;36,31305277;31,59086713;26,97076144;30,41945913;33,31184768;27,43500088;20,77942367;25,57222448;20,81387494;16,18583903
Fiji;FJI;;;;;;;;;;;;;;;;;;;;;;;;;;;;;;;;;;;
France;FRA;35,32271523;35,26365687;27,37922325;20,10643013;16,25437157;11,93350584;10,49245302;9,549703766;12,74465101;11,29389092;13,36146958;10,92060842;7,310913992;7,034448464;7,765660086;8,421321392;7,683018115;10,63308008;9,739331628;9,256442644;8,253466988;9,234868053;9,925129652;9,637952559;10,80145656;9,710904902;9,994820509;9,434917599;9,280089247;9,852468168;8,535250506;8,706133185;7,766403126;4,824546466;6,055787639
Faroe Islands;FRO;;;;;;;;;;;;;;;;;;;;;;;;;;;;;;;;;;;
Micronesia, Fed. Sts.;FSM;;;;;;;;;;;;;;;;;;;;;;;;;;;;;;;;;;;
Gabon;GAB;30,75630252;26,98650675;24,96570645;23,27044025;22,53193961;21,95945946;22,01117318;22,08791209;22,94520548;27,60736196;27,41116751;27,49244713;28,12812813;29,17448405;29,76294996;35,99670511;35,03184713;39,01712584;36,89759036;38,40304183;37,10021322;37,24696356;40,87353325;41,49350649;47,90343075;42,76276276;53,34486736;50,49396268;47,98034934;52,66149871;58,40274375;57,48613678;55,00954198;59,65965966;56,25587959
United Kingdom;GBR;84,70673697;82,14711642;80,22985336;79,3267379;77,8819825;78,67214511;80,31620055;77,70090057;75,53625969;77,4533839;76,3642361;73,91042944;70,39248908;70,59047947;71,05257618;71,15108799;69,76487771;69,89079952;71,16851472;74,47692821;73,28149845;73,52045658;74,17034167;75,38808724;74,4298554;75,61243423;78,46202392;80,21671907;74,23278679;76,37854776;71,06622002;68,4682032;64,59252883;60,96876463;53,180856
Georgia;GEO;;;;;;;;;;44,79014864;42,8648399;41,68908015;36,8531803;38,57039187;36,19082659;16,51593154;15,58006422;16,93390692;16,15254458;21,06681034;20,10955745;6,752101419;8,854748603;12,63720393;14,1874226;27,06189104;18,17090735;15,27268425;13,3909792;7,477281707;22,60153031;25,49767922;17,77512675;19,63166522;21,96067571
Ghana;GHA;0,651041667;0,563493661;0,933125972;1,801310044;1,027170311;0,681508405;0;0;0;0;0;0;0,348487249;0,458265139;0,310660562;0,030179568;0,508277665;0;0;0;0;0;0;0;0;0;0;0;0,223264121;10,77997443;24,33928571;12,084165;10,40323207;18,19794801;38,84779393
Gibraltar;GIB;100;100;100;100;100;100;100;100;100;100;100;100;100;100;100;100;100;100;100;100;100;100;100;100;100;100;100;100;100;100;100;100;100;100;100
Guinea;GIN;;;;;;;;;;;;;;;;;;;;;;;;;;;;;;;;;;;
Gambia, The;GMB;;;;;;;;;;;;;;;;;;;;;;;;;;;;;;;;;;;
Guinea-Bissau;GNB;;;;;;;;;;;;;;;;;;;;;;;;;;;;;;;;;;;
Equatorial Guinea;GNQ;;;;;;;;;;;;;;;;;;;;;;;;;;;;;;;;;;;
Greece;GRC;85,43581413;84,69834995;90,24308885;88,46153846;89,88824802;88,4973688;90,75649804;92,86231229;94,44314528;94,90726096;91,32417536;93,69241101;93,65183418;93,28397018;91,12085038;89,38718729;90,68881087;91,45300996;89,97874279;91,93823117;94,28178461;93,16896839;89,5812106;89,70125652;89,05211436;87,19819206;92,63446604;90,83004832;86,57151275;81,4335768;86,04745488;83,19757779;74,72773751;75,61329281;71,12809232
Grenada;GRD;;;;;;;;;;;;;;;;;;;;;;;;;;;;;;;;;;;
Greenland;GRL;;;;;;;;;;;;;;;;;;;;;;;;;;;;;;;;;;;
Guatemala;GTM;77,92661619;68,77346683;48,60724234;62,1231979;61,23321123;4,266321913;13,79710145;12,55434783;9,294566254;8,371454712;10,4111986;37,24878725;33,72739917;34,73344103;33,5600907;31,35568081;31,77758571;44,27737882;42,98668725;48,28042328;52,02322008;58,26199322;50,78578508;42,89429203;39,88073053;44,69752633;52,37551393;44,5859142;50,88979772;36,15202969;35,56257488;33,11729707;32,83266129;31,42590867;39,60933261
Guam;GUM;;;;;;;;;;;;;;;;;;;;;;;;;;;;;;;;;;;
Guyana;GUY;;;;;;;;;;;;;;;;;;;;;;;;;;;;;;;;;;;
High income;HIC;67,14640016;65,34344736;63,88431436;62,70385343;60,9126657;59,80210391;60,02089236;59,85042485;60,79451757;58,76486107;58,43312226;58,54141148;58,21468965;58,53614549;58,11167302;58,17955949;59,08864853;59,90311452;59,9893649;60,82718857;61,15822198;61,52301303;62,60770046;62,06723771;62,23576107;62,12147574;63,08849385;62,3987027;60,84383188;61,08350954;61,20782136;61,48372559;60,3938215;59,53294605;59,26673468
Hong Kong SAR, China;HKG;100;100;100;100;100;100;100;100;100;100;100;100;100;100;100;100;100;100;100;100;100;100;100;100;100;99,99741047;99,99743274;99,99736801;99,99741816;99,75773048;99,79543827;99,76572959;99,75739313;99,73439575;99,72127268
Honduras;HND;16,90283401;19,19770774;26,84859155;26,80067002;6,451612903;3,054989817;2,782415136;2,763561924;2,398433676;1,724881414;1,449275362;6,44472898;11,8657299;22,18415418;38,67302053;33,51809586;33,51403061;43,68960469;37,85277859;38,08871851;50,74665294;60,03409644;60,82451499;70,03297609;67,05336427;63,07178631;62,39936859;62,00946709;55,24528302;52,19123506;53,2209591;50,69767442;53,2449839;56,17068923;57,7244841
Heavily indebted poor countries (HIPC);HPC;8,433914069;8,240404051;11,50361112;12,39652026;9,307508582;9,38089418;10,9301495;10,44423901;9,020808766;9,284275565;8,692933142;10,52423417;10,89654092;13,0826312;14,69128548;15,25359818;16,89253801;17,17548685;16,37458583;16,03637843;16,0843847;17,0421418;18,5078228;20,37257598;21,23450206;20,88161963;21,5904337;22,02456271;20,83993763;20,00473704;21,86327298;22,09996563;21,70292046;22,82069683;25,66381671
Croatia;HRV;;;;;;;;;;54,44714191;34,11251538;51,07840935;52,22710163;37,98016642;38,63734368;29,54443748;42,81527791;47,34590536;43,46921476;42,69732753;43,77104377;53,94726486;58,62644027;45,07447651;45,92938654;48,56457479;62,19210841;54,29152648;43,99401645;37,15869154;52,96157951;50,32568677;33,49824335;26,04197678;33,17316248
Haiti;HTI;29,83870968;34,87179487;49,14841849;49,76303318;47,61904762;23,7020316;31,98380567;23,73831776;26,60869565;20,60301508;25,42735043;24,11347518;24,72527473;17,08185053;48,88888889;55,04132231;66,94214876;53,84615385;41,97707736;48,26325411;52,35690236;52,46800731;52,3364486;52,46800731;52,3381295;52,45614035;67,09401709;62,75720165;71,28987517;69,84667802;87,16861082;79,90909091;86,63507109;91,2875121;92,00385356
Hungary;HUN;99,30864198;99,35822402;89,81000388;84,78880736;75,0186595;72,82639681;62,35167569;53,27882872;52,48301274;50,96708398;53,38250509;55,14281206;57,34771381;57,33253767;57,98694809;58,74038188;59,6604232;61,77467061;61,94491436;58,85879912;60,34875738;60,67428161;66,66569044;61,79838614;55,87873364;57,92966898;58,19319319;56,80449719;48,65211095;49,33772176;48,56048197;46,42125018;39,62170727;35,48584649;36,55988399
IBRD only;IBD;38,55146868;38,65822773;38,64956852;38,45507558;38,59618679;38,96686646;39,4594944;38,9118039;39,45557787;70,72612821;70,47360061;70,25514033;69,25063146;68,93331207;68,71979235;69,17579996;69,31740198;69,30704223;70,00241912;70,52326968;70,74429905;71,4521959;72,7359125;72,3139962;72,35059595;72,89599627;73,86691505;73,57480261;73,36386411;73,28489591;74,14950481;73,2523232;72,94876624;72,0766038;71,3576452
IDA & IBRD total;IBT;37,19410518;37,36957048;37,49881293;37,35257647;37,49593815;37,88068504;38,46906485;37,94793875;38,46446015;69,27041808;69,01783279;68,82348319;67,89207494;67,55612356;67,49271832;67,9737519;68,1946941;68,19024642;68,84742052;69,42480871;69,61776201;70,28904868;71,46002011;71,11789161;71,15010915;71,70967651;72,72263785;72,47413583;72,29188247;72,15688716;73,00271625;72,13730899;71,83843741;70,99130307;70,36049224
IDA total;IDA;15,30359157;16,78179114;18,61806363;18,68125196;19,33878388;19,95978526;22,10543704;22,45952448;22,52772999;46,55453873;46,23548248;46,45468477;46,43179494;45,89699861;48,25465997;48,98399586;50,41071792;50,53270163;50,65322793;52,02929741;51,90968888;51,99687472;50,70445842;51,76523318;51,53808938;51,96850383;53,01537696;53,14137028;53,56538614;51,94318837;51,87743779;51,31321208;50,82072244;50,45644387;51,79715231
IDA blend;IDB;21,46581848;22,7387181;22,2955252;21,69743752;23,92547085;24,2195719;26,84302434;26,16536545;26,6786937;66,12729742;65,41875565;63,96483092;65,28521535;63,63107287;64,7895925;66,21120445;66,6302793;66,78915631;68,80302124;70,0946974;69,25122316;67,25255187;63,71023955;64,57221394;63,82502473;64,12662503;66,2180995;64,16854038;66,0350971;62,72661786;64,59251844;64,10266193;64,43698977;63,59785734;63,34378433
Indonesia;IDN;81,07354479;86,79530836;83,27828241;82,85861107;77,20244006;73,02506792;77,47116431;75,0287687;72,23625343;79,0828665;79,44295661;76,16168429;80,2246696;84,34323767;83,5369047;84,46931664;89,66057861;84,23460365;85,87673864;84,04393249;82,52513481;85,0467117;86,3614637;86,39348219;86,39446714;87,7412228;87,0961161;86,68416753;86,7669384;84,14597508;87,9989314;88,75568665;87,72058143;88,51700047;89,34457057
IDA only;IDX;10,59833591;12,22571034;15,78352758;16,32506428;15,56577584;16,42067689;17,81395093;19,12088745;18,67299313;26,09342262;26,41142482;27,62853249;26,35995998;27,3858334;31,41542806;32,01112062;34,37280669;34,89823231;34,18542398;36,2587559;36,82050511;38,40915302;39,23232906;40,66818014;41,14172646;41,8889291;42,48627131;44,59184547;44,08785278;43,80308812;42,44020028;41,87335035;40,50517144;40,50428807;42,95232208
Isle of Man;IMN;;;;;;;;;;;;;;;;;;;;;;;;;;;;;;;;;;;
India;IND;60,24786519;64,37285308;64,77804469;66,23186972;69,89510226;71,13168048;76,33920121;73,92477079;75,43834477;73,41288277;75,46201168;77,25257354;78,9452535;77,33570787;80,85540292;82,18521954;81,85170454;80,93224629;82,31434487;83,44216483;83,48184457;84,76876407;83,79363804;83,02024442;80,949227;80,01587006;80,05155647;81,70058525;82,27508498;81,23585892;79,63232502;81,28737036;79,72050931;80,89615531;81,89209865
Not classified;INX;;;;;;;;;;;;;;;;;;;;;;;;;;;;;;;;;;;
Ireland;IRL;91,81308766;92,38366572;92,72997033;93,87682449;92,90520399;92,53270496;94,60764906;93,23768903;94,88695138;79,32391595;80,6229069;80,97591888;83,55935352;83,0520561;84,40127244;84,40803383;85,43349078;86,28221094;87,10774179;87,51742491;86,92757389;86,05643441;87,26519448;88,57426135;83,13041442;82,98790382;82,16684023;78,82171994;75,90314042;79,03534923;72,19481667;71,46752146;68,82111437;65,29370738;62,80650557
Iran, Islamic Rep.;IRN;74,98996226;77,82707388;81,20815535;84,28704159;85,8490566;81,917683;81,83864753;84,6407563;85,73000455;89,70762411;88,99666282;86,12324538;87,10960055;90,9072034;91,42396536;91,86503351;92,91259653;93,19570092;95,5802969;96,96215673;96,08923098;94,27137246;92,77024656;93,60524329;90,9196577;90,45525789;91,11213515;97,57656272;96,63007634;95,83660644;94,74113942;94,2880964;92,56003414;93,17611586;93,85674529
Iraq;IRQ;94,35916405;95,6088993;96,29286376;96,86520376;97,09149859;97,30784762;88,44957797;88,91257996;89,10310142;89,16666667;95,67515617;97,23320158;97,71863118;98;98,08358269;98,10259312;98,08497314;98,08369688;98,08319868;98,0846395;98,08378035;98,4732599;98,47212421;98,4734479;61,31578947;56,52958046;55,79925986;63,55454348;56,42190927;65,45145988;71,20197392;65,64170542;61,87737496;57,52124897;50,1494443
Iceland;ISL;1,062215478;0,302780072;0,182863114;0,100578325;0,102564103;0,121536218;0,118764846;0,156319786;0,132245978;0,133037694;0,15576324;0,131984162;0,105775333;0,10460251;0,180686609;0,097599063;0,07160759;0,079605158;0,069560378;0,065070276;0,049794597;0,071292776;0,070588235;0,046387568;0,057563896;0,040281974;0,016698672;0,012145503;0,011880718;0,011724017;0,011620475;0,017094991;0,027599912;0,016553551;0,021277728
Israel;ISR;99,98458812;99,98533832;99,99303379;99,98636209;99,98703992;99,96257952;99,94342931;99,94832575;99,98533223;99,57412193;99,52589012;99,48297805;99,46569287;99,53912187;99,47740345;99,5573453;99,54700855;99,58108286;99,5486421;99,61557394;99,69739028;99,66153846;99,64286474;99,65735316;99,67079544;99,70331105;99,73044319;99,50878917;99,25101803;99,5767268;99,28618107;99,16670635;98,99872803;98,42139016;97,66916825
Italy;ITA;72,50131319;71,51837471;71,89424182;70,6294952;71,83447928;71,65779931;78,0202933;77,74129254;81,94577892;83,59958151;79,10404717;79,26644152;79,21772964;78,71819533;82,30649972;80,45263536;80,87407311;81,2185843;79,68486625;80,67022053;79,43205808;82,02513584;82,92778348;80,5826687;82,79982482;82,67060135;83,63062987;80,61379084;75,15736903;73,26164011;71,36984114;67,96480299;60,03633092;55,4890765;60,24676625
Jamaica;JAM;76,06888361;77,96954315;74,04773997;87,47720365;87,77506112;88,38559814;89,43396226;89,62315674;87,79811425;92,43287225;93,2642487;95,52388097;94,7507254;94,4921466;94,83616401;94,12056973;94,068745;95,07716049;95,1732486;95,15591886;96,54447115;97,75021633;97,48110831;96,71608702;96,3082727;96,05245551;95,03002001;93,86068477;92,63301501;92,31481481;91,27347687;89,07584129;90,15777611;90,20368574;89,73799127
Jordan;JOR;100;100;100;100;100;99,89847716;99,45496271;99,17254061;99,50480629;99,67014843;99,78517723;99,63817277;99,51690821;99,70449173;99,66168091;99,62033674;99,6807152;99,76278725;99,75992092;99,43050847;99,32441383;99,24987703;99,3745309;99,30857589;99,32670396;99,46043165;99,43081301;99,46524064;99,51653587;99,50598904;99,54939578;99,57821162;99,6292649;99,6377607;99,032292
Japan;JPN;69,61618264;66,43195084;65,81954192;66,03995592;61,66017684;60,72352422;61,00789469;61,80929912;63,14784833;54,85773422;54,81773854;55,43669717;53,78712034;54,96197071;54,05219155;54,01322975;54,32858393;54,22360183;57,16147772;58,02248339;59,01984646;61,37336776;65,15587707;62,16009485;61,3793592;61,18412963;64,54050867;64,49514181;63,0592988;61,97064375;73,82950187;81,14717328;81,59735363;82,79272981;80,25937295
Kazakhstan;KAZ;;;;;;;;;;91,57005688;91,62634909;91,69780293;90,1490109;86,17558022;87,50243771;87,58257394;87,50192308;87,50432394;87,08998274;85,27784272;85,75021545;84,73141133;86,4622804;87,94383449;88,16896841;83,51312503;83,39121126;90,19009797;91,2514293;90,29354113;90,89575682;91,76874926;92,49461615;92,12224464;91,12597212
Kenya;KEN;17,57894737;15,8997955;7,95730228;10,65340909;5,981067126;10,43093033;13,54019746;4,256756757;3,520671835;7,14064915;4,659289458;4,286964129;3,622787611;5,736137667;10,16866292;9,497076023;16,56646627;18,01645734;33,61932716;53,0204693;33,40717767;21,9832222;16,38588047;25,01396908;28,33763997;29,65912711;28,39944436;36,86930091;44,70848708;30,93048418;33,12701483;25,22346027;30,71203245;18,51371787;12,48575277
Kyrgyz Republic;KGZ;;;;;;;;;;36,52428172;36,0259509;33,28015084;20,67580547;10,41491557;22,17010851;22,08659165;23,45817291;20,16860699;14,09975239;14,10488246;14,09233921;14,09159537;14,093146;14,1205997;14,1226244;14,1224265;14,12002697;14,12333531;7,813768835;8,198347107;6,72252276;6,520305907;6,523445864;8,7427944;14,81197237
Cambodia;KHM;;;;;;;;;;;;;;;100;100;100;100;100;99,77678571;99,80353635;95,87912088;93,57798165;94,84662577;93,87966805;94,23240034;95,44235925;95,61403509;94,62875197;94,5;92,9245283;62,34309623;42,06974128;38,86348792;53,58198772
Kiribati;KIR;;;;;;;;;;;;;;;;;;;;;;;;;;;;;;;;;;;
St. Kitts and Nevis;KNA;;;;;;;;;;;;;;;;;;;;;;;;;;;;;;;;;;;
Korea, Rep.;KOR;86,05715423;86,59153101;76,07369498;73,62659828;64,82493492;49,40136161;38,56545425;48,17711424;44,55093655;43,77105655;47,2005651;52,06826147;56,39668613;62,29074454;61,33300946;62,11643345;63,9905634;56,48010589;54,44277492;60,8045722;62,34258597;62,8297413;60,70584602;62,55714488;60,64830331;61,70905113;65,33053146;64,97423052;66,18748838;68,73014467;68,62108285;70,15020671;72,33714637;69,49562713;67,72439761
Kuwait;KWT;100;100;100;100;100;100;100;100;100;100;100;100;100;100;100;100;100;100;100;100;100;100;100;100;100;100;100;100;100;100;100;100;100;100;100
Latin America & Caribbean (excluding high income);LAC;36,47513324;36,56019557;36,03957576;33,91232586;32,25917037;34,11479561;33,41408709;33,73176846;33,37577063;30,94350794;31,20062102;31,35348698;29,87859134;30,94860758;30,37272346;30,31909436;31,28276124;33,46853659;33,74057704;34,5390431;37,2357735;36,56791265;37,28525204;37,13584122;36,90400599;36,25535013;36,74756584;37,74806193;37,20397744;38,45952484;37,03511309;39,83886527;41,70117011;42,53287109;43,99917079
Lao PDR;LAO;;;;;;;;;;;;;;;;;;;;;;;;;;;;;;;;;;;
Lebanon;LBN;71,66666667;80,3030303;84,44444444;84,60526316;84,84848485;86,57074341;86,73913043;85;80;66,66666667;81,33333333;80,90692124;84,21052632;84,23996914;86,42302594;88,54271357;89,41867293;92,27590278;96,6790037;95,35917313;96,69675627;94,17125172;89,16792498;90,92970522;91,52281384;93,97590361;95,1391774;97,19780633;95,48326193;94,66013238;95,08096548;93,20787805;92,74318065;98,92491087;97,39617308
Liberia;LBR;;;;;;;;;;;;;;;;;;;;;;;;;;;;;;;;;;;
Libya;LBY;100;100;100;100;100;100;100;100;100;100;100;100;100;100;100;100;100;100;100;100;100;100;100;100;100;100;100;100;100;100;100;100;100;100;100
St. Lucia;LCA;;;;;;;;;;;;;;;;;;;;;;;;;;;;;;;;;;;
Latin America & Caribbean;LCN;35,91197717;35,84537942;35,07686036;33,04356011;31,36506007;32,98522483;32,3644253;33,06972964;33,29518015;30,81970076;30,69592939;30,41398655;29,01930563;30,23379431;29,8800225;30,28340844;31,12772202;33,67376717;34,50980531;34,67634187;36,96617036;36,20959706;37,25494487;37,39411753;36,81976028;36,32949451;37,1505569;38,1395032;37,48228509;38,82994296;37,73793939;40,49810304;42,14447359;42,47540787;43,76284848
Least developed countries: UN classification;LDC;16,92545452;18,01001989;19,5677678;20,7425544;22,26731129;23,503342;26,62463061;27,86270201;27,32375333;28,25861717;29,17502184;31,79712127;31,79664344;32,87258485;35,80366954;36,26476477;38,56592306;34,98923456;35,86488798;35,29219096;34,47936647;34,78132779;36,85302468;39,22060774;39,05866404;39,66929452;39,74281564;41,43603167;40,46703472;39,6006972;39,0053546;41,54692207;41,64118021;41,75103083;42,48270542
Low income;LIC;22,03924574;22,86766183;23,99307416;23,54139398;23,45416484;23,20334818;23,10242247;23,70825905;23,99177182;25,49794971;25,68619113;25,55845522;24,50863383;26,35685788;27,61606687;29,30265382;31,7799066;29,02187038;29,77203213;30,83264375;30,61145182;31,1648923;31,67450871;31,07083511;31,25983557;32,36818618;32,24142844;34,47903814;34,64253548;33,12019905;30,28926668;28,68392857;24,21166401;23,25285964;22,20139815
Liechtenstein;LIE;;;;;;;;;;;;;;;;;;;;;;;;;;;;;;;;;;;
Sri Lanka;LKA;16,02564103;22,16844143;42,43140965;7,518796992;2,800324675;0,263951735;19,5788696;7,216863165;1,959412176;0,158730159;7,728753331;18,07909605;4,599145514;6,7927969;7,288629738;28,21192053;33,00291545;31,11032905;32,51940492;54,19760137;53,98908716;61,81741216;57,10212545;63,86156648;62,77348777;51;59,93334007;58,46076962;60,70498698;46,88454773;59,1525133;70,75875977;40,1230974;60,79768879;51,52480655
Lower middle income;LMC;30,33000045;32,01571311;33,32253815;33,79445111;35,72139729;36,22352524;39,0441245;38,16840401;38,53637485;68,95654554;68,95793207;69,59266128;69,05650668;67,90851271;69,87128691;69,59283414;70,021859;70,16819399;71,03192807;72,07288108;72,26267932;73,49652763;72,87759288;72,68119273;72,09867246;71,71217051;72,44310791;73,20630924;74,10391325;73,71599721;73,06370929;73,88387398;73,27877913;74,03682276;75,30830678
Low & middle income;LMY;33,95388182;34,24734102;34,39148829;34,32071443;34,63618927;35,05601593;35,776446;35,34181918;35,84653293;68,20880382;68,22388391;68,02935822;67,08296393;66,74654527;66,7225361;67,22634965;67,67868943;67,65427862;68,27482866;68,9116948;69,18824162;69,87379139;70,94151282;70,66578334;70,83828285;71,39043652;72,40604578;72,22627781;72,12887993;72,02908463;72,8221569;71,95301299;71,73531236;71,01343155;70,38444475
Lesotho;LSO;;;;;;;;;;;;;;;;;;;;;;;;;;;;;;;;;;;
Late-demographic dividend;LTE;32,62129961;32,1509367;31,82929851;31,81539403;31,78638617;32,36849474;32,84063754;32,75785522;32,86837993;68,95772311;68,76117106;68,44671879;67,51611465;66,89674878;66,66889788;67,59327593;67,51395407;67,45535643;67,83489923;68,09638849;67,93832586;68,7148392;70,39907743;70,28596557;70,88016191;71,94476854;72,54941422;71,78633748;71,38008012;71,51774652;72,75815986;71,16694864;71,18780841;69,69988574;68,72538645
Lithuania;LTU;;;;;;;;;;38,44393593;40,83710792;19,31205521;9,0713363;16,14556638;9,371301775;11,93892002;13,64331387;17,66454848;20,72732829;20,10610557;17,65074502;14,90690413;14,94582537;15,58767065;22,2129726;22,08329883;19,95545657;19,41922413;19,36761593;76,75210252;67,75788978;68,86729962;57,54627432;51,4832794;52,93565054
Luxembourg;LUX;80,35714286;76,01476015;73,19148936;76,02230483;76,49325626;77,21088435;73,183391;74,67532468;80,53797468;83,33333333;82,59629101;84,54545455;84,05365127;77,98960139;71,04722793;76,81818182;67,48768473;53,27868852;56,66666667;50,9478673;76,816609;93,44729345;93,94048046;93,22885866;92,83154122;92,03740436;90,47172759;88,1511372;90,2284264;90,30959752;88,37735849;86,65215814;76,79826933;76,167979;62,6596544
Latvia;LVA;;;;;;;;;;31,43802647;40,92841956;32,42044862;24,6941896;23,80630631;23,72455391;37,36404351;32,11273857;23,80541659;31,94647202;29,85976789;32,68691589;36,52830189;40,62893082;31,84047771;30,41174073;43,03823349;40,72521484;39,09745923;36,14652541;45,14863437;49,5077125;33,37116913;43,05041069;45,45808209;49,82830291
Macao SAR, China;MAC;;;;;;;;;;;;;;;;;;;;;;;;;;;;;;;;;;;
St. Martin (French part);MAF;;;;;;;;;;;;;;;;;;;;;;;;;;;;;;;;;;;
Morocco;MAR;82,12290503;90,6916192;92,805863;94,71174686;93,38325391;91,7181865;89,6887889;89,58147818;87,17863475;87,32862484;86,68115155;90,08128408;95,52976791;92,67654752;94,94707244;84,39144999;84,67593614;86,29703886;93,60217138;93,92054731;92,84195135;93,14735806;89,99276149;89,79384355;93,85692068;94,05457108;93,99909534;94,03210117;86,00614803;82,56590064;89,21058946;91,37003841;85,35204155;87,61218952;81,46658014
Monaco;MCO;;;;;;;;;;;;;;;;;;;;;;;;;;;;;;;;;;;
Moldova;MDA;;;;;;;;;;98,41563405;97,68075492;98,00092621;96,76919101;97,06843826;95,75081967;95,02040816;94,07843745;94,15503876;93,76344086;93,27506243;93,70722751;93,49214569;93,68614972;93,5290079;93,70617696;93,81155614;93,61666102;93,54035204;94,22394321;93,34205791;93,91634981;95,3636677;93,03050546;93,79555223;94,63142341
Madagascar;MDG;;;;;;;;;;;;;;;;;;;;;;;;;;;;;;;;;;;
Maldives;MDV;;;;;;;;;;;;;;;;;;;;;;;;;;;;;;;;;;;
Middle East & North Africa;MEA;85,22996855;87,00372398;89,03478712;90,22031265;91,29430213;91,10489862;90,81895634;91,74019147;91,7369916;87,01710776;86,97955852;86,50834074;86,50801039;87,34923507;87,59011927;87,51680433;88,15804802;88,30549349;89,58431269;90,56419396;91,79245504;92,58064272;92,65066571;92,90275326;91,10838778;90,87699112;91,0614176;92,63744101;89,90808127;89,17888643;89,07863942;89,49820393;89,45464898;88,87483646;88,86460982
Mexico;MEX;65,05870935;69,79562263;73,02294906;71,22052226;70,02010991;75,89927317;78,11869003;76,80635707;75,03929315;72,77122163;74,31204791;71,39480973;70,96916852;78,09706996;70,80421418;70,33946135;73,80009911;77,33127084;73,86977181;76,19885742;78,81656915;80,47758923;83,42837306;81,68177016;80,49392267;80,45088867;81,98113634;78,81662737;83,11397776;81,24607584;81,74638564;83,27073053;82,68398996;79,2212832;80,87601
Marshall Islands;MHL;;;;;;;;;;;;;;;;;;;;;;;;;;;;;;;;;;;
Middle income;MIC;34,2411498;34,51774039;34,62982236;34,55892953;34,8860711;35,30892756;36,03690984;35,57770459;36,09185045;69,16084573;69,14662742;68,93724175;67,97003266;67,59255321;67,52557105;67,99135035;68,37782774;68,42991782;69,06619443;69,69273076;69,99057648;70,67099324;71,73226746;71,45740165;71,63052262;72,15711006;73,18082774;72,94760196;72,84513195;72,7616366;73,578439;72,69215652;72,49547838;71,7610309;71,11385585
North Macedonia;MKD;;;;;;;;;;91,47273359;85,30329289;86,01813685;89,92277992;88,29769321;86,93737769;87,20072278;86,63300163;84,63393871;79,76103745;82,82190574;90,16032694;87,57182729;79,60819234;77,77111144;78,50763469;76,44875821;84,45675592;86,68990651;81,40011716;66,51515152;78,78384376;83,32801022;73,85953397;75,95831783;64,06305349
Mali;MLI;;;;;;;;;;;;;;;;;;;;;;;;;;;;;;;;;;;
Malta;MLT;100;100;100;100;100;100;100;100;100;100;100;100;100;100;100;100;100;100;100;100;100;100;100;100;100;100;100;100;100;99,95269631;99,54107389;98,86660854;98,4451355;96,65924276;92,32540292
Myanmar;MMR;38,35125448;40,27061856;40,71641791;46,50793651;52,66635205;53,5857461;55,86206897;57,99640611;50,28067362;51,85633575;53,67949197;49,33244326;49,63072378;55,0918197;59,95067818;58,1495564;62,06974128;77,07175646;77,62448804;63,03243454;61,14310087;58,34648777;61,75115207;57,06899626;50,18284574;46,0577547;43,44428817;38,5231048;24,52613441;32,32135755;23,81434941;27,63697354;27,95786723;37,63509218;41,14589856
Middle East & North Africa (excluding high income);MNA;74,67122651;77,45572503;81,35803231;83,11556789;84,84045669;84,4085416;83,70467588;85,10231334;85,08545193;86,80496913;87,56537393;87,53065572;88,0208381;89,44195522;89,88349161;89,79955652;90,30526599;90,75993503;91,61176767;92,62893805;92,11689413;92,58551194;91,65013037;92,03366061;88,95271487;88,75857339;88,96790614;92,32576806;91,74932996;91,42160593;91,52246616;91,49605506;89,88710817;89,72059362;89,39103252
Montenegro;MNE;;;;;;;;;;;;;;;;;;;;;;;;;34,84636872;40,71815718;40,1119403;45,57991513;24,96376812;31,62605669;54,6686747;48,06610408;36,52724968;44,78411598;50,34965035
Mongolia;MNG;;;;;100;100;100;100;100;100;100;100;100;100;100;100;100;100;100;100;100;100;100;100;100;100;100;100;100;100;100;100;98,30677291;96,83779762;96,91637947
Northern Mariana Islands;MNP;;;;;;;;;;;;;;;;;;;;;;;;;;;;;;;;;;;
Mozambique;MOZ;75,43103448;40,37558685;43,40527578;38,69346734;31,81818182;44,19354839;46,42857143;50,74183976;39,83050847;37,44493392;31,42250531;21,875;12,24489796;7,341772152;7,107843137;5,672268908;2,786069652;0,393356643;0,311284047;0,45379538;0,370214556;0,298930145;0,339231686;0,392692505;0,158073015;0,135712832;0,080865887;0,085939049;0,076637387;0,11400456;0,118835413;0,138467625;2,343068144;8,842425609;13,58911264
Mauritania;MRT;;;;;;;;;;;;;;;;;;;;;;;;;;;;;;;;;;;
Mauritius;MUS;74,86187845;62,25895317;81,94070081;75,26315789;55,86734694;58,3143508;56,05749487;68,72727273;65,36502547;68,84615385;69,8949825;67,31182796;72,29524772;77,19465649;73,15608919;74,0769835;75,48248749;72,36671001;79,24290221;70,35995501;71,27158556;72,41025641;72,76657061;72,65588915;75;77,74468085;77,60649087;76,76965194;76,36786962;75,67869096;79,78762358;79,2992492;79,39750693;79,7071842;77,27727728
Malawi;MWI;;;;;;;;;;;;;;;;;;;;;;;;;;;;;;;;;;;
Malaysia;MYS;85,66663578;87,36207775;86,4163662;75,12730976;75,02007495;74,69468725;71,76396303;70,67486565;75,62165931;82,66857838;83,39861404;85,12568641;85,97253807;83,31457801;86,31384453;89,91170064;93,30891626;92,00309664;88,46442751;89,94152047;90,07090203;92,85512263;93,55669118;92,91356764;93,71983598;92,82756317;93,34365643;92,37124365;92,99069852;94,00413508;93,28253723;92,61056251;91,41584989;90,292197;90,04283154
North America;NAC;69,31645186;66,85093057;66,0244745;65,95092405;65,30910469;63,66193233;64,86214489;65,11587921;65,14837353;62,94160844;62,48801696;63,1093133;63,40014889;63,27613189;62,28788467;61,90406277;64,02513592;65,45361142;64,74208497;65,70461582;66,41104518;65,31514781;65,81290518;65,6834522;66,11426119;65,43042486;65,95433035;65,25818001;63,37021682;64,50174632;62,50917001;62,6816423;61,47721037;61,18037058;60,84005062
Namibia;NAM;;;;;;;;;;;4,823614111;1,794871795;17,13796058;23,11212815;3,15969257;4,367301232;4,984423676;2,649656526;3,308519438;0,781805259;0;0,419874038;0,140745954;0,870195794;0,240963855;5,853051059;2,157360406;11,25954198;5,436241611;4,444444444;1,818181818;2,191113816;4,432757325;0,867823765;2,213541667
New Caledonia;NCL;;;;;;;;;;;;;;;;;;;;;;;;;;;;;;;;;;;
Niger;NER;;;;;;;;;;;;;;;;;;;;100;100;100;100;100;99,12663755;99,08256881;99,10714286;98,68421053;98,83268482;98,97610922;100;100;99,09706546;99,09706546;99,24670433
Nigeria;NGA;69,26440329;71,01500234;77,17204178;70,30276046;69,75834067;66,28274197;70,84775854;65,60837481;67,68906579;67,41439501;58,1351027;59,15464474;61,58566012;64,18775353;65,31500284;66,13925999;65,29751194;61,78280723;61,78755672;61,78447749;61,78372785;61,78231608;63,09948474;66,59938208;66,99944773;72,89917785;72,90016538;72,89909995;77,09966122;75,59817771;78,23851446;80,28635129;81,56008725;82,40868707;81,80487494
Nicaragua;NIC;50,29126214;55,78842315;61,38952164;43,36188437;43,21705426;52,13746857;48,90453834;47,734375;35,47145606;38,64104324;39,7478434;49,0543014;42,99711816;51,54639175;54,55525606;56,4977421;58,2396088;72,15357458;72,62234534;78,604849;80,1984127;75,41984733;72,94372294;72,27926078;65,38839725;69,94256541;71,00997506;64,47485867;69,09933391;62,99535392;66,0041841;57,18184073;47,6956313;46,13135403;49,94540293
Netherlands;NLD;92,5951946;93,0992174;93,59597653;94,06161394;93,1005449;92,89287948;93,77219778;93,49528092;93,18412047;93,22476656;93,51607873;92,97927696;92,52971138;92,50253547;92,21358434;91,72236985;93,43873883;91,81144707;91,10239852;90,67956399;90,68468872;90,25848866;90,12270446;89,46687217;86,85761752;86,75745955;87,19155613;85,76130616;85,28907301;85,84388363;83,90354764;82,25328661;83,39329244;83,01069446;82,23312438
Norway;NOR;0,136616431;0,288895836;0,302804479;0,307822649;0,328047582;0,427244326;0,470121287;0,385065672;0,371744085;0,072361875;0,085019401;0,080265045;0,082694332;0,225243272;0,223327498;0,354352519;0,293228592;0,264534359;0,305020157;0,204896464;0,282707064;0,271038084;0,431240567;0,461369395;0,386170717;0,525482173;0,687668978;0,429187589;3,330304858;4,05800159;3,365513967;1,92916178;1,982973111;1,970600314;1,930212198
Nepal;NPL;3,95256917;1,543209877;0,835654596;1,03626943;0,697674419;0,184842884;1,063829787;3,767123288;0,139664804;0,113895216;3,433476395;5,304740406;6,645230439;8,01980198;3,093645485;3,276003276;9,153122327;9,52;4,533152909;1,627486438;0,964113551;0,188412624;0,17644464;0,578990902;0,631662061;0,473071325;0,32234957;0,320056899;0,417335474;0,093516209;0,057273769;0,53490991;0,284333239;0,026336582;0
Nauru;NRU;;;;;;;;;;;;;;;;;;;;;;;;;;;;;;;;;;;
New Zealand;NZL;10,59044049;21,96235483;17,97455932;20,8425963;23,40210648;18,28107503;18,68067717;16,96554031;21,87958416;19,78614598;22,60932244;27,20860947;22,78045222;17,75558807;15,96139981;20,75233735;29,72594249;24,17579496;30,29854298;28,32827987;36,31608208;30,27640355;33,78375064;27,73028774;35,57531186;35,34700243;34,29479121;35,61150259;28,16146181;26,68359166;23,84731246;28,04762335;25,62401775;20,67118722;19,78961656
OECD members;OED;66,7209051;64,88974433;63,53502711;62,31084778;60,56585825;59,37970664;59,56204083;59,14520384;60,15256424;58,27294514;58,07166774;58,07023839;57,52978535;58,06147199;57,45643749;57,46798632;58,54135754;59,44080995;59,45278046;60,34448053;60,62681271;60,86450195;61,89751134;61,18824408;61,40355489;61,15695027;62,26087439;61,48301586;60,18477021;60,30083925;60,33797615;60,52426319;59,28893266;58,44308756;57,82529914
Oman;OMN;100;100;100;100;100;100;100;100;100;100;100;100;100;100;100;100;100;100;100;100;100;100;100;100;100;100;100;100;100;100;100;100;100;100;100
Other small states;OSS;33,25551128;32,79066866;33,16605165;36,81747841;37,40858381;37,49600358;37,60192383;37,73444858;37,95800789;43,43590637;45,91113473;49,88449914;55,69234216;55,3439221;55,23883635;55,98746686;56,54745186;58,12597324;57,7370154;57,53732485;58,36055073;58,81539412;58,32141365;58,86986053;62,13832115;63,56030632;61,42043552;60,73253688;61,61700787;60,5901774;62,22521578;63,31528157;62,08116511;64,61510233;66,17455551
Pakistan;PAK;42,76553356;45,11533243;41,14332132;39,88021762;45,2810503;44,37453593;45,12071909;48,79574507;50,86847201;54,29618029;54,50384653;55,55418972;60,64249891;56,36448511;58,40897519;64,13699789;63,90475424;65,25493672;70,07145029;71,8260027;70,68617976;68,17737504;64,48843251;66,75658947;64,3849662;65,13597996;66,77433855;67,90735243;67,50422098;62,67269876;64,47365654;64,20286086;64,10315539;63,47253898;63,08710908
Panama;PAN;25,61939905;44,49233716;57,97230907;29,03663501;18,14049587;16,81484345;21,97678772;11,41070731;13,64341085;14,73130402;25,59139785;33,27592146;25,73879886;28,02737281;30,86104007;20,99895397;27,82029129;48,38940587;31,13537118;29,56824228;50,78064012;35,40525222;48,99569584;33,98715501;35,6958984;39,82300885;42,30173482;37,92996109;43,31164136;42,8958418;47,31526464;37,06846449;42,07412369;44,20157209;34,67365967
Peru;PER;24,92559524;24,65620592;22,74854896;24,80659696;21,1378086;21,11523015;21,36227331;22,08530106;22,40110731;23,19669757;19,72793813;25,1486054;19,58400864;18,90835749;19,70391477;22,07040296;25,57530506;25,00672948;22,93067227;18,01245355;14,47685051;17,08593004;18,29087419;27,11193568;27,73049924;26,70516851;33,2899001;39,86740672;39,40903155;42,2791864;43,23993575;44,749681;46,06031352;47,63154442;47,26948664
Philippines;PHL;63,19754614;60,54313099;58,52521674;49,77809254;49,60906615;44,74587585;55,1585549;53,19695179;52,31689673;54,57515099;57,49152014;60,8040201;59,75394108;60,02100358;63,15616993;63,06804258;66,56531899;66,37644908;55,50782004;57,10973725;62,7077577;64,35719149;66,58103513;66,26874207;67,6348401;63,97161122;68,40012749;66,0840828;67,41493193;73,69135839;71,31230485;71,53083474;73,55645311;74,35996997;74,56347906
Palau;PLW;;;;;;;;;;;;;;;;;;;;;;;;;;;;;;;;;;;
Papua New Guinea;PNG;;;;;;;;;;;;;;;;;;;;;;;;;;;;;;;;;;;
Poland;POL;97,78496263;98,33622213;98,26974018;98,56753583;98,23974289;98,49773284;98,61613648;98,58975352;98,71405745;98,75385932;98,59637755;98,52242381;98,5938579;98,43203745;98,35670816;98,34624701;98,17930252;98,1793125;98,29858358;98,31743194;98,01142491;97,95086281;98,48009119;97,69649295;97,3017334;97,10818342;96,41032747;95,67384138;94,21787839;92,98741478;91,86294584;89,49360279;89,50628574;87,36025942;86,08137957
Pre-demographic dividend;PRE;36,23342876;39,06297378;43,59373729;45,87092725;44,61564139;45,37401501;45,0652626;44,00222941;43,81465946;44,02807556;41,69912314;46,62881268;46,81289085;48,99505371;49,25275621;49,8257396;50,54587667;46,95028326;47,41439723;47,07245258;45,1370112;45,51338018;43,80692988;46,40240913;36,84325129;36,53076741;35,92464392;38,61677825;36,55086898;39,28245672;41,97105873;41,52820471;41,50696927;40,18384244;38,51231251
Puerto Rico;PRI;;;;;;;;;;;;;;;;;;;;;;;;;;;;;;;;;;;
Korea, Dem. People’s Rep.;PRK;50,59687787;51,1627907;51,70008718;52,21088435;50,99601594;48,61660079;47,89272031;46,23655914;48,63013699;43,68231047;42,96577947;42,51012146;39,81900452;40,25974026;38,26086957;41,31455399;44,55958549;40;44,62365591;47,42268041;47,52475248;46,29854369;44,18516049;43,11200109;42,68505587;43,74860709;38,29856433;39,37513467;40,83400388;38,14623338;31,34297306;29,81908921;24,17630373;27,41079904;27,20390187
Portugal;PRT;61,44386574;52,63397799;53,29862073;47,18416254;40,23923445;55,13356619;51,41521166;42,52453167;74,629144;65,28473643;66,87634553;81,42996996;69,54501452;62,85504564;71,69925175;54,13894296;58,32063752;63,63893387;79,72689565;69,73854099;65,35262519;78,10733844;61,34863825;71,9320945;81,4562224;67,00428195;64,80723303;67,16437603;62,43280385;46,57763871;52,89855072;56,93127962;41,08916769;38,76710483;51,8730134
Paraguay;PRY;6,573957016;4,131054131;2,965599051;2,479338843;0,562484715;0,352585628;0,236584579;0,130078047;0,016438581;0,025749494;0,037477428;0,040529089;0,044534928;0,019221792;0,281743495;0,03346123;0,021626298;0,021618222;0,028862805;0;0;0;0;0;0;0;0;0;0;0,001849591;0,001735358;0,004980493;0,00496845;0,010853442;0,001793915
West Bank and Gaza;PSE;;;;;;;;;;;;;;;;;;;;;;;;;;;;;;;;;;;
Pacific island small states;PSS;;;;;;;;;;;;;;;;;;;;;;;;;;;;;;;;;;;
Post-demographic dividend;PST;63,54196837;61,68592498;60,22352748;59,04830146;57,3345438;56,09849746;56,33389448;56,04923599;56,93122797;58,59129756;58,18273585;58,13540021;57,47309507;57,67777994;57,09014685;56,91429408;57,89041739;58,62489454;58,63821918;59,43509072;59,62435904;59,94728669;60,87417392;60,21908371;60,4005641;60,1702973;61,21899712;60,50872579;58,97722768;59,23112918;59,33073568;59,48776531;58,23717009;57,29971669;56,74229967
French Polynesia;PYF;;;;;;;;;;;;;;;;;;;;;;;;;;;;;;;;;;;
Qatar;QAT;100;100;100;100;100;100;100;100;100;100;100;100;100;100;100;100;100;100;100;100;100;100;100;100;100;100;100;100;100;100;100;100;100;100;100
Romania;ROU;81,84008669;82,80084733;85,71306576;84,19635258;82,29830962;85,67794589;84,8684477;80,38288946;81,96727795;82,25598283;74,31825784;78,3061168;76,8602639;76,33850842;71,82870448;72,0603097;59,89360958;54,76858083;53,68171958;61,03901105;62,18579438;60,60655887;67,05114255;60,94621144;56,62733745;61,73341627;61,55043536;56,20112076;52,71124504;47,33829327;54,73797964;55,09579066;45,73083231;40,48648814;42,59579503
Russian Federation;RUS;;;;;;;;;;73,15617399;72,53780556;70,30948485;68,54741332;68,2675701;67,45604906;68,40005389;67,49250457;67,69819012;66,19151662;65,89824158;64,61707819;65,38312763;66,19167301;65,19128298;65,71235724;66,4041897;66,41618948;68,09205426;65,52116318;67,11864309;67,44589986;67,50446315;66,15518883;66,01329338;65,48122554
Rwanda;RWA;;;;;;;;;;;;;;;;;;;;;;;;;;;;;;;;;;;
South Asia;SAS;57,53034117;61,41951905;61,49828154;62,21060816;66,05444398;67,06833337;71,77394047;69,94807553;71,52256167;70,13735126;72,01143401;73,54105211;75,52559188;73,68062111;77,0146024;78,99279577;78,75486787;78,10401504;79,90652973;81,26040508;81,13746992;82,06244014;80,79622546;80,52701988;78,45763607;77,71851859;78,1341242;79,75108711;80,34275252;79,00463409;77,97637965;79,59552632;77,96540124;79,19151305;80,01834253
Saudi Arabia;SAU;100;100;100;100;100;100;100;100;100;73,44815628;73,40395347;70,34432413;69,06085237;68,5302698;68,42282771;67,67312143;69,40564968;68,30042836;71,80271394;73,71524118;81,10538403;83,69080544;86,7379085;86,99796716;86,57366401;85,61129667;85,67244863;84,13858962;72,56981233;70,21164925;69,79050452;72,37374853;76,702803;75,06366138;76,21003972
Sudan;SDN;29,96432818;29,96670366;30,01071811;30,01007049;40,03254679;34,82810164;34,80783176;35,26850508;34,43223443;36,76567657;37,50752559;33,35373317;35,29062871;39,66630786;47,85407725;47,93989336;50,97674419;46,94811801;50,06190673;53,95095368;55,35211268;58,38991271;65,32498509;68,07037785;67,04129639;69,6969697;71,10137423;73,42898656;50,26960407;17,29563942;23,51271437;29,85375159;19,1462466;21,65084388;22,61822641
Senegal;SEN;94,38990182;93,77777778;94,39252336;94,79553903;94,76961395;94,75655431;95,02890173;95,17396184;95,33116178;95,34391534;95,45923633;95,72243346;95,66055931;95,79439252;95,93639576;96,09310058;96,28195198;96,38109306;96,42346209;90,02493766;91,49048626;79,74559687;74,95344507;78,00353357;81,80031447;87,00287003;90,06024096;88,60531991;88,13855843;86,37841352;86,03617899;86,72463768;87,78433024;87,77927322;87,78761062
Singapore;SGP;100;100;100;100;100;98,40225564;98,57250819;98,7035766;98,79739672;98,91816215;97,10419006;97,22756592;97,4158844;97,64976737;97,79715878;97,96680498;98,17830322;98,27312775;98,3401084;98,45255013;97,14104385;97,27094392;97,19800747;97,39751705;97,49823359;97,58125856;97,63207157;97,48543759;97,41075979;97,40085095;97,36190186;97,31110685;97,13565011;97,06156339;96,92353466
Solomon Islands;SLB;;;;;;;;;;;;;;;;;;;;;;;;;;;;;;;;;;;
Sierra Leone;SLE;;;;;;;;;;;;;;;;;;;;;;;;;;;;;;;;;;;
El Salvador;SLV;4,276550249;5,684210526;4,285714286;4,027261462;6,623681125;4,009575105;17,11568938;12,56940939;8,078817734;6,807935077;26,29516761;24,13937867;31,80021559;41,05497299;42,17522659;31,49792777;46,59788065;46,56953642;35,80347448;41,93070773;45,81531417;48,61412389;42,74412297;45,35761884;41,75824176;42,61715296;43,79624849;37,48324397;43,69820442;34,95989305;37,07052441;39,76270643;39,5567602;40,30210509;42,1773251
San Marino;SMR;;;;;;;;;;;;;;;;;;;;;;;;;;;;;;;;;;;
Somalia;SOM;;;;;;;;;;;;;;;;;;;;;;;;;;;;;;;;;;;
Serbia;SRB;;;;;;;;;;76,87066523;71,13389015;68,91306731;67,59259259;67,59259259;64,63336814;59,10780669;65,92177279;65,90139653;58,93445076;64,85061511;64,56020495;66,48602396;72,14556354;70,49036778;67,01211822;69,94325813;72,53898769;74,03274416;72,05387205;68,22542287;77,20650116;74,30814741;73,93122084;67,00651797;73,08418673
Sub-Saharan Africa (excluding high income);SSA;69,09441507;69,97649469;72,08459912;71,86770343;70,28296776;68,34074488;71,31204997;68,10125712;67,96813347;69,34241494;68,18362846;69,11312947;70,90301866;70,59236339;70,02148537;70,62353566;70,71320074;69,07332037;68,57416273;68,24593374;67,62003711;67,11758768;68,40063937;68,53734858;68,62765162;68,23129501;68,82693975;67,95991963;66,86721986;66,23416679;66,17409936;66,29822979;65,1609592;63,86854344;64,06782527
South Sudan;SSD;;;;;;;;;;;;;;;;;;;;;;;;;;;;;;;;99,5505618;99,57627119;99,59016393;99,39393939
Sub-Saharan Africa;SSF;69,10275001;69,95821766;72,10116366;71,87175792;70,25426537;68,31771611;71,27474204;68,09706785;67,9556395;69,32882924;68,17543199;69,09010158;70,8905065;70,5994157;70,01391674;70,61652998;70,71102696;69,06286452;68,60132637;68,22708371;67,60894823;67,11679641;68,39347698;68,52906483;68,63187952;68,25400603;68,8452217;67,97918475;66,89161406;66,25827736;66,22370511;66,34475276;65,21639345;63,93444426;64,11753666
Small states;SST;36,56840763;36,50262543;36,57739832;39,44441985;39,83421003;39,94318382;40,09800353;40,1292512;40,18703146;44,88276556;47,0958384;51,50807202;55,77268961;56,02094555;56,43315332;56,97294253;57,49765409;58,60687452;58,26807225;58,17752662;58,83708481;59,24584508;59,06022879;59,38313728;61,99167214;62,66259798;60,42657954;59,17630549;59,90299151;59,06229769;60,47322291;61,20548021;60,22256198;62,27875965;63,5999993
Sao Tome and Principe;STP;;;;;;;;;;;;;;;;;;;;;;;;;;;;;;;;;;;
Suriname;SUR;;;;;;;;;;;;;;;;;;;;11,60409556;13,36032389;20,6231454;27,3890143;34,39943141;47,29907773;33,11603651;25,85209003;22,05455601;23,2183908;29,81438515;39,3644285;36,76470588;40,06410256;37,66055046;39,94685562
Slovak Republic;SVK;63,97361076;61,69113924;58,49625624;55,9131699;47,60082023;43,5669434;41,85191592;41,18353192;39,66239316;45,42102993;46,01624006;44,09865702;37,80153053;33,41975018;38,25866505;39,20012572;39,56811559;39,0914037;37,29941292;31,3559322;30,28001005;27,35936918;30,68159814;30,4432042;28,40329166;26,75434386;27,06869353;25,85883171;26,51336857;25,0728226;27,48161765;25,64600395;22,26274812;19,43789598;19,97596876
Slovenia;SVN;;;;;;;;;;39,15139826;32,83113622;40,10045366;41,4783191;37,89841024;37,8068613;36,27939037;38,44110504;38,14831002;36,14839391;36,39900176;36,92105627;38,74503357;40;36,61842708;37,38837071;38,76281839;39,64634714;35,45947924;35,07285253;35,95201476;36,51900723;36,56418832;34,10715415;24,32558411;32,43571573
Sweden;SWE;4,336580907;4,38138114;2,609558276;2,062173476;3,767421762;3,741201008;3,229960884;2,90234206;2,274063086;2,211886234;3,365312649;4,00038373;4,632797924;5,604064471;5,095318053;8,609299779;4,74846856;4,274801469;4,31418644;3,071658255;3,632538135;4,838445808;6,452994925;2,982732589;2,127364001;2,643663722;2,184474174;2,064792453;2,319112178;4,430823117;2,529050807;1,525511308;1,544785044;1,039373771;1,085030044
Eswatini;SWZ;;;;;;;;;;;;;;;;;;;;;;;;;;;;;;;;;;;
Sint Maarten (Dutch part);SXM;;;;;;;;;;;;;;;;;;;;;;;;;;;;;;;;;;;
Seychelles;SYC;;;;;;;;;;;;;;;;;;;;;;;;;;;;;;;;;;;
Syrian Arab Republic;SYR;43,48288327;51,03425451;60,62394604;54,51436389;57,68549;63,98891967;64,20077607;70,70938215;73,48637016;76,50503833;77,96206585;78,98423818;79,45877512;83,19062047;84,8977136;86,09672319;86,67486675;87,23947256;88,08010868;87,18721497;87,23420186;91,25049084;90,66129415;86,98444368;87,61986546;89,41876995;90,99943067;93,00636228;95,69132724;94,41535777;92,15719064;90,77199384;87,96823614;88,89258081;97,69028578
Turks and Caicos Islands;TCA;;;;;;;;;;;;;;;;;;;;;;;;;;;;;;;;;;;
Chad;TCD;;;;;;;;;;;;;;;;;;;;;;;;;;;;;;;;;;;
East Asia & Pacific (IDA & IBRD countries);TEA;77,28322589;75,99339065;74,47230487;75,08770397;76,13767858;76,94635014;78,62902693;78,63008632;78,04242057;78,58503283;80,46673322;81,31298166;81,04141739;79,98816688;79,37908898;80,83534269;81,58525394;81,07671784;81,77095804;81,63978441;79,78890201;80,9075899;82,57409008;81,70254736;81,98844104;82,49232515;82,80867258;80,49222456;80,44013787;79,87773042;81,13080218;78,1031883;77,71137202;75,38642315;73,89922004
Europe & Central Asia (IDA & IBRD countries);TEC;;;;;;;;;;75,22619451;74,05262976;72,70472918;70,24697867;69,65211414;68,87588498;67,89651425;67,49203941;67,1850927;66,84670275;67,57460036;67,56443169;67,36861895;68,39841925;66,70789129;67,21938143;67,86449599;69,11996274;70,02814118;68,02249822;67,30310495;68,86201197;68,55679625;67,30089103;67,61554912;66,09898445
Togo;TGO;28,30188679;26,92307692;65,45454545;74,32432432;31,53153153;28,97196262;31,53153153;36,13445378;25,78125;39,87341772;31,80212014;23,35329341;20,41522491;40,08097166;17,47572816;20,16806723;35,41666667;42,85714286;51,86915888;42,85714286;59,3495935;42,76315789;29,54545455;55,37634409;59,78835979;57,46606335;47,95918367;24,3902439;25;45,81005587;13,28125;15,31531532;18,27956989;13,79310345;24,69135802
Thailand;THA;80,6493591;77,02168444;80,58973271;80,58885084;84,00364046;77,52963547;85,77760715;88,36249384;85,10934075;88,73596523;90,85981867;92,5759221;94,15995079;93,65665875;91,25782001;90,87063957;91,90676421;93,89463865;95,11100745;93,1889932;93,36360086;92,51557154;92,77501859;94,17627081;94,45524482;93,08284442;93,08610805;93,4021136;93,10282087;94,39011547;91,9520998;91,60912927;91,72206998;91,48546525;91,46152115
Tajikistan;TJK;;;;;;;;;;9,070869613;6,728089632;5,314469148;3,511639705;1,713579084;1,544688027;1,573496216;2,084969654;1,89294134;2,342216877;1,558222784;1,223751912;0,901842896;1,047913259;0,921714875;0,719719134;1,381753764;2,172173317;2,149006007;1,346404418;0,212960146;0,234018968;0,435960881;0,257084429;0,971345313;1,526628598
Turkmenistan;TKM;;;;;;;;;;95,20876112;95,30201342;99,96965789;99,96043365;99,96189024;99,95918367;99,95049505;99,94735734;99,93627867;99,94356659;100;100;100;100;100;100;100;100;100;100;100;100;100;100;100;100
Latin America & the Caribbean (IDA & IBRD countries);TLA;34,85730516;34,81440681;34,04062075;31,93954871;30,30569956;32,00408635;31,38052079;32,09759612;32,29573617;29,972588;30,10993695;30,25254569;28,92975946;30,16348706;29,77641309;30,20370359;30,94272429;33,6643672;34,56758215;34,86615873;37,23815457;36,82759847;37,94911741;38,06356604;37,36408734;36,72045123;37,6164028;38,59984908;38,00985784;39,40662489;38,24151398;41,08422654;42,75133443;43,07348863;44,3920504
Timor-Leste;TLS;;;;;;;;;;;;;;;;;;;;;;;;;;;;;;;;;;;
Middle East & North Africa (IDA & IBRD countries);TMN;75,17546695;77,97876865;81,90742746;83,67683134;85,41336799;84,97853625;84,26991746;85,67699289;85,66001762;87,39114639;88,15668606;88,12173341;88,61522589;90,04593955;90,49045754;90,40595566;90,91508009;91,37281942;92,23040432;93,25444346;92,7389418;93,2107241;92,26902608;92,65514623;89,55339545;89,35794297;89,56868931;92,94922622;92,36889554;92,03895845;92,14049977;92,11391033;90,49409853;90,32645954;89,99467298
Tonga;TON;;;;;;;;;;;;;;;;;;;;;;;;;;;;;;;;;;;
South Asia (IDA & IBRD);TSA;57,53034117;61,41951905;61,49828154;62,21060816;66,05444398;67,06833337;71,77394047;69,94807553;71,52256167;70,13735126;72,01143401;73,54105211;75,52559188;73,68062111;77,0146024;78,99279577;78,75486787;78,10401504;79,90652973;81,26040508;81,13746992;82,06244014;80,79622546;80,52701988;78,45763607;77,71851859;78,1341242;79,75108711;80,34275252;79,00463409;77,97637965;79,59552632;77,96540124;79,19151305;80,01834253
Sub-Saharan Africa (IDA & IBRD countries);TSS;69,10275001;69,95821766;72,10116366;71,87175792;70,25426537;68,31771611;71,27474204;68,09706785;67,9556395;69,32882924;68,17543199;69,09010158;70,8905065;70,5994157;70,01391674;70,61652998;70,71102696;69,06286452;68,60132637;68,22708371;67,60894823;67,11679641;68,39347698;68,52906483;68,63187952;68,25400603;68,8452217;67,97918475;66,89161406;66,25827736;66,22370511;66,34475276;65,21639345;63,93444426;64,11753666
Trinidad and Tobago;TTO;99,16885389;99,33234421;99,44922547;99,5675316;99,43764472;99,20996658;99,10945131;99,22525108;99,24154026;99,13335197;99,32795699;99,24547284;99,26643961;99,21356599;99,23380543;99,62563312;99,63913392;99,65177017;99,65694683;99,63363253;99,48618001;99,53933381;99,81357775;99,64230171;99,68829697;99,37413074;99,75247525;99,74130125;99,75774576;100;100;100;100;100;100
Tunisia;TUN;99,05063291;98,80088356;99,18332864;98,29896907;97,30049728;98,79813043;97,52931323;99,05805459;99,33530281;99,20839787;98,17578773;98,95207274;99,03396226;99,43246311;99,49145912;99,15478744;99,48131557;99,20748487;99,09972992;99,17893545;99,31530899;99,20614813;98,23737821;98,34170854;98,52302346;99,00467039;99,33037339;99,51959897;98,84605298;95,93818715;97,84809359;97,098721;96,32228932;95,68817372;96,0764383
Turkey;TUR;48,42135127;46,64432058;58,52195853;56,07095025;64,78272305;69,97858672;57,89236354;39,60622711;65,41003766;59,63366526;62,15184411;60,37391227;53,81936917;60,78191034;58,43449627;57,05867471;61,0894904;61,66525553;70,01717623;75,01801124;80,12466898;73,71715611;74,67936634;69,25042137;75,40319593;74,69185872;80,90604412;82,61347257;80,37646552;73,56302792;74,61823159;72,71561947;71,05482316;78,97389696;67,84588762
Tuvalu;TUV;;;;;;;;;;;;;;;;;;;;;;;;;;;;;;;;;;;
Tanzania;TZA;12,25728155;12,40963855;12,95641932;15,18438178;12,80788177;9,773123909;9,512578616;9,143686502;5,964214712;4,852579853;5,268935236;9,140969163;11,15183246;15,83380124;20,01039501;13,72161895;24,49192288;3,348837209;6,285218899;13,63268608;5,206463196;3,750884643;4,136893569;39,75434392;49,9859353;58,32366589;39,62715105;39,57621326;44,21008226;48,3124763;60,20027489;67,81177313;70,49318297;57,7102428;65,84590945
Uganda;UGA;;;;;;;;;;;;;;;;;;;;;;;;;;;;;;;;;;;
Ukraine;UKR;;;;;;;;;;70,96937306;68,81461717;67,64665084;62,43840006;60,05880235;58,47921536;51,7416637;49,78855735;47,30199367;49,75573443;48,25625186;48,94938167;49,50856129;49,68314392;45,71883755;45,58906585;46,62091879;47,43721051;47,21215457;45,25829546;45,69502404;47,96099473;48,89621552;49,24266672;45,83871411;41,27001752
Upper middle income;UMC;35,28595664;35,17171189;34,95767723;34,74021035;34,62114955;35,02165564;35,15747056;34,80125671;35,3428985;69,19074291;69,17327531;68,71669479;67,63216301;67,4783267;66,82627434;67,51826771;67,88899395;67,90505908;68,46410417;68,98534229;69,3134405;69,85058993;71,39925867;71,11708629;71,49909039;72,26480489;73,36183149;72,88851966;72,5394281;72,53682331;73,70538105;72,40985712;72,31487823;71,20715912;70,0632806
Uruguay;URY;20,7864018;18,1611436;1,837234622;1,300498063;1,922203723;1,078748652;3,388933016;21,77592885;31,24235541;5,051047824;12,09574013;10,23710529;7,771371271;1,207507547;6,453147297;12,90854573;8,827644096;3,877508361;22,8940784;6,615709014;0,205405405;0,322748568;0,128220072;18,4152355;12,49674564;35,12551184;12,94292383;39,09225681;31,26198263;12,3783538;27,95823666;38,25611022;19,14765906;9,273914714;11,44104803
United States;USA;77,07260987;74,03194012;73,32934538;73,471158;73,22376006;71,78360313;73,04385013;72,71828056;71,59522438;69,06322661;68,8630645;69,54947369;70,14480233;70,26371519;68,81148525;68,48394684;70,52875372;71,28019842;70,64335903;71,59345088;72,19882824;70,98737606;71,28935205;71,38570134;72,10486012;71,32592173;71,96688649;71,39217772;69,45036425;70,27776508;68,41785822;68,86283964;67,82464847;67,46195321;67,07870147
Uzbekistan;UZB;;;;;;;;;;88,19707057;88,86550355;87,66278407;85,02919693;85,0292887;86,95972857;85,6337656;87,45602988;87,45533769;87,45481795;87,45518948;87,45439003;87,45487731;84,57489879;81,98;82,45934959;82,01099764;86,92543412;77,00404858;81,32132132;79,0212766;80,45801527;78,64761905;78,67158672;78,64620939;79,34706704
St. Vincent and the Grenadines;VCT;;;;;;;;;;;;;;;;;;;;;;;;;;;;;;;;;;;
Venezuela, RB;VEN;61,06322581;59,83031904;58,28117422;55,15507311;52,10826813;49,79446041;43,02261139;41,27736286;39,8368622;37,65614201;29,67459779;29,90658363;31,57014788;27,99314809;29,94853362;28,76250198;26,64062;28,40350053;24,83534475;26,25159785;32,93201212;35,18486261;34,16427391;28,89540547;26,71657937;26,10168264;27,27774178;27,20604877;28,11339689;32,50999868;29,0697773;32,58859214;32,1654758;31,73729577;36,3049579
British Virgin Islands;VGB;;;;;;;;;;;;;;;;;;;;;;;;;;;;;;;;;;;
Virgin Islands (U.S.);VIR;;;;;;;;;;;;;;;;;;;;;;;;;;;;;;;;;;;
Vietnam;VNM;59,20411478;60,36585366;69,31761164;66,53411469;70,86210298;74,5431518;77,12774748;73,60353721;50,69373073;38,1522866;31,41150923;25,52292633;25,29544176;24,78027344;27,75805571;29,1312559;39,07066695;48,84267798;41,53402097;45,21667106;40,50575013;49,16191753;53,60781918;61,44041204;68,32600268;66,15641479;65,50561127;64,51850237;63,86774872;70,85971992;60,53981859;54,98078101;58,33799798;57,01859349;63,2679423
Vanuatu;VUT;;;;;;;;;;;;;;;;;;;;;;;;;;;;;;;;;;;
World;WLD;56,29768958;55,06255788;54,0766085;53,23029027;52,08947341;51,47330931;51,8638859;51,62320314;52,42268206;61,94448278;61,74023532;61,74029372;61,19748549;61,28844738;61,01917684;61,25268929;62,05088834;62,57381849;62,88390496;63,68506966;64,08784035;64,61517901;65,82722075;65,49595619;65,75768317;66,08459199;67,20416076;66,82777243;66,11511089;66,31245895;66,99385666;66,82355997;66,31944325;65,63349489;65,23603894
Samoa;WSM;;;;;;;;;;;;;;;;;;;;;;;;;;;;;;;;;;;
Kosovo;XKX;;;;;;;;;;;;;;;;;;;;98,24146094;98,60962567;98,60026918;98,56749311;97,23174914;97,48766263;97,72214705;98,05584281;98,52770244;97,58842444;96,9620743;98,18996725;98,38465422;97,80842912;97,22222222;97,71204445
Yemen, Rep.;YEM;100;100;100;100;100;100;100;100;100;100;100;100;100;100;100;100;100;100;100;100;100;100;100;100;100;100;100;100;100;100;100;100;100;100;100
South Africa;ZAF;98,54561132;99,14630457;99,50875976;96,68416383;95,79938324;92,88113836;94,83130698;91,28800929;91,46254312;94,28061795;93,3194004;93,97926324;95,73087373;94,02185677;93,61854775;93,40638409;92,83527634;92,39877016;93,13448623;93,06283289;93,74990993;93,30493585;94,10632741;93,94471423;94,66939332;94,73552029;95,21266795;94,32292706;94,11786156;94,33738038;93,88001972;94,70760612;93,81970994;93,17756372;92,78540626
Zambia;ZMB;1,032668057;0,821708389;0,965462327;1,036216272;0,854021847;0,878447395;1,183577857;0,959232614;1,025719535;0,773742668;0,718470211;0,927474532;0,707489632;0,601965602;0,668854114;0,71179344;0,692607984;0,841772984;0,669757857;0,615542447;0,629485081;0,625536612;0,625827416;0,564174894;0,593106535;0,134269779;0,124442601;0,125865324;0,121297887;0,124425727;0,130457471;0,145536869;0,142857143;2,836977581;3,006176055
Zimbabwe;ZWE;9,439252336;13,02314131;16,61863593;26,21359223;40,30100334;54,43889316;82,53743105;66,07560645;61,15065935;53,33262123;64,67951591;61,62437781;72,38885913;72,19641672;70,74638331;70,46292503;70,90983831;70,74282242;58,99026936;54,33881344;62,49683784;55,64224991;39,26582566;43,3995267;47,56774056;32,11687986;28,42686293;24,10491803;24,35879852;31,99076746;42,14409722;39,60665001;46,06060606;44,39457411;47,27572356